{"cameraMode":{"drawMode":0,"name":"Shaded","section":"Shading Mode"},"sceneLighting":true,"audioPlay":false,"sceneViewState":{"showFog":false,"showMaterialUpdate":false,"showSkybox":false,"showFlares":false,"showImageEffects":false,"showParticleSystems":false},"in2DMode":false,"pivot":{"x":-1.373666763305664,"y":1.1455554962158204,"z":-0.3326148986816406},"rotation":{"x":-0.07256132364273071,"y":0.9271652102470398,"z":-0.2479465752840042,"w":-0.2713339030742645},"size":27.243955612182618,"orthographic":false}