{"cameraMode":{"drawMode":0,"name":"Shaded","section":"Shading Mode"},"sceneLighting":true,"audioPlay":false,"sceneViewState":{"showFog":false,"showMaterialUpdate":false,"showSkybox":false,"showFlares":false,"showImageEffects":false,"showParticleSystems":false},"in2DMode":false,"pivot":{"x":0.07344123721122742,"y":0.594291627407074,"z":-0.7267314195632935},"rotation":{"x":-0.22475208342075349,"y":-0.03156831115484238,"z":0.007285346742719412,"w":-0.9738772511482239},"size":20.80154800415039,"orthographic":false}